dive_id,date,site,country,region,latitude,longitude,category,max_depth_m,bottom_time_min,caption,file
1,6/29/16,Lake Leamen,United States of America,"Wallace, North Carolina",34.75,-77.94,recreational,5.1816,20,,
2,6/29/16,Lake Leamen,United States of America,"Wallace, North Carolina",34.75,-77.94,recreational,5.7912,15,,
3,6/29/16,Lake Leamen,United States of America,"Wallace, North Carolina",34.75,-77.94,recreational,5.4864,25,,
4,6/30/16,Liberty Ship,United States of America,"Wrightsville Beach, North Carolina",34.6725,-76.7453,recreational,14.0208,37,,
5,6/30/16,Liberty Ship,United States of America,"Wrightsville Beach, North Carolina",34.6725,-76.7453,recreational,14.3256,38,,
6,7/4/16,Stone Tug,United States of America,"Wrightsville Beach, North Carolina",33.9747,-77.6881,recreational,17.6784,42,,
7,7/4/16,Stone Dredge,United States of America,"Wrightsville Beach, North Carolina",33.8547,-76.9643,recreational,18.5928,35,,
8,7/5/16,Fantasy Lake,United States of America,"Wake County, North Carolina",35.9179,-78.4727,recreational,11.5824,45,,
9,7/5/16,Fantasy Lake,United States of America,"Wake County, North Carolina",35.9179,-78.4727,recreational,15.24,45,,
10,7/7/16,Jetty,United States of America,"Wrightsville Beach, North Carolina",34.1785,-77.808,recreational,3.048,30,,
11,10/9/16,Markham,United States of America,"Wrightsville Beach, North Carolina",33.9583,-77.555,recreational,21.336,30,,
12,10/9/16,Hyde,United States of America,"Wrightsville Beach, North Carolina",33.9583,-77.555,recreational,21.336,30,,
13,5/29/17,Markham,United States of America,"Wrightsville Beach, North Carolina",33.9583,-77.555,recreational,21.336,30,,
14,5/29/17,Hyde,United States of America,"Wrightsville Beach, North Carolina",33.9583,-77.555,recreational,21.336,30,,
15,7/8/17,Pond Bay,British Virgin Islands,Virgin Gorda,18.47167,-64.425,recreational,5.4864,31,,
16,7/10/17,Chimeny Rock,British Virgin Islands,Great Dog,18.48335,-64.46142,recreational,11.5824,34,,
17,7/10/17,Kodiak Queen (Kraken),British Virgin Islands,Virgin Gorda,18.49776,-64.41688,recreational,13.4112,33,,
18,7/11/17,Coral Gardens (Airplane Wreck),British Virgin Islands,Virgin Gorda,18.48083,-64.45583,recreational,15.5448,28,,
19,7/12/17,Bronco Billy,British Virgin Islands,George Dog,18.4932,-64.46069,recreational,14.6304,28,,
20,7/12/17,Joe's Cave,British Virgin Islands,West Dog,18.4795,-64.47167,recreational,11.5824,43,,
21,7/13/17,Muskmellon Bay,British Virgin Islands,Guana Island,18.48722,-64.57722,recreational,6.7056,13,,
22,7/13/17,Muskmellon Bay,British Virgin Islands,Guana Island,18.48722,-64.57722,recreational,13.4112,38,,
23,7/14/17,Shipwreck Alley,British Virgin Islands,Salt Island,18.3758,-64.5365,recreational,21.9456,23,,
24,7/15/17,Wreck of Inganess Bay,British Virgin Islands,Cooper Island,18.38133,-64.51617,recreational,20.4216,30,,
25,7/16/17,RMS Rhone,British Virgin Islands,Salt Island,18.37153,-64.51362,recreational,21.336,36,,
26,7/16/17,RMS Rhone,British Virgin Islands,Salt Island,18.37153,-64.51362,recreational,19.5072,38,,
27,7/16/17,Shipwreck Alley,British Virgin Islands,Cooper Island,18.3758,-64.5365,recreational,8.2296,31,,
28,7/17/17,Alice's Wonderland,British Virgin Islands,Ginger Island,18.37333,-64.47833,recreational,21.0312,36,,
29,7/17/17,Alice's Wonderland,British Virgin Islands,Ginger Island,18.37333,-64.47833,recreational,6.4008,21,,
30,7/19/17,Playgrounds,British Virgin Islands,Green Island,18.455,-64.70833,recreational,18.8976,33,,
31,7/21/17,Marina Spook,British Virgin Islands,Great Tobago Island,18.43583,-64.83222,recreational,21.336,34,,
32,7/21/17,Marina Spook,British Virgin Islands,Great Tobago Island,18.43583,-64.83222,recreational,9.144,27,,
33,7/21/17,Remora Reef,British Virgin Islands,Great Tobago Island,18.441,-64.829,recreational,9.144,12,,
34,7/21/17,Anchor Breaker Hole,British Virgin Islands,Great Tobago Island,18.44167,-64.83167,recreational,6.096,12,,
35,7/21/17,Anchor Breaker Hole,British Virgin Islands,Great Tobago Island,18.44167,-64.83167,recreational,10.3632,26,,
36,7/22/17,Marina Spook,British Virgin Islands,Great Tobago Island,18.43583,-64.83222,recreational,21.0312,34,,
37,7/22/17,Remora Reef,British Virgin Islands,Ginger Island,18.3845,-64.47367,recreational,17.0688,41,,
38,7/23/17,Marina Rock,British Virgin Islands,Ginger Island,18.3695,-64.48417,recreational,21.336,34,,
39,7/23/17,Angelfish Reef,British Virgin Islands,Norman Island,18.31833,-64.62167,recreational,16.4592,29,,
40,7/24/17,Blonde Rock,British Virgin Islands,Salt Island,18.36833,-64.545,recreational,17.3736,38,,
41,7/24/17,FV Fearless,British Virgin Islands,Peter Island,18.35417,-64.5825,recreational,21.336,36,,
42,7/25/17,Blackbeard,British Virgin Islands,Dead Chest Island,18.36167,-64.56333,recreational,12.4968,49,,
43,8/9/17,Markham,United States of America,"Wrightsville Beach, North Carolina",33.9583,-77.555,recreational,21.336,42,,
44,8/9/17,Hyde,United States of America,"Wrightsville Beach, North Carolina",33.9583,-77.555,recreational,21.336,48,,
45,4/3/18,John Pennekamp Coral Reef State Park,United States of America,"Monroe County, Florida",25.1241,-80.4072,recreational,9.7536,47,,
46,4/4/18,John Pennekamp Coral Reef State Park,United States of America,"Monroe County, Florida",25.1241,-80.4072,recreational,9.144,57,,
47,4/4/18,John Pennekamp Coral Reef State Park,United States of America,"Monroe County, Florida",25.1241,-80.4072,recreational,7.9248,56,,
48,4/6/18,Looe Reef,United States of America,"Monroe County, Florida",24.5418,-81.4039,recreational,8.2296,41,,
49,4/6/18,Looe Reef,United States of America,"Monroe County, Florida",24.5418,-81.4039,recreational,8.5344,54,,
50,7/1/18,Hastings Reef,Australia,Great Barrier Reef,-16.52183,145.98667,recreational,14.6304,43,,
51,7/1/18,Hastings Reef,Australia,Great Barrier Reef,-16.52183,145.98667,recreational,17.6784,35,,
52,7/2/18,Norman Reef,Australia,Great Barrier Reef,-16.425,145.99667,recreational,15.5448,48,,
53,7/2/18,Norman Reef,Australia,Great Barrier Reef,-16.425,145.99667,recreational,14.9352,40,,
54,7/2/18,Saxon Reef,Australia,Great Barrier Reef,-16.505,145.975,recreational,19.2024,36,,
55,7/2/18,Saxon Reef,Australia,Great Barrier Reef,-16.505,145.975,recreational,17.3736,57,,
56,7/11/18,Julian Rock,Australia,Byron Bay,-28.61093,153.62956,recreational,17.0688,50,,
57,7/11/18,Julian Rock,Australia,Byron Bay,-28.61093,153.62956,recreational,13.4112,41,,
58,7/11/18,Julian Rock,Australia,Byron Bay,-28.61093,153.62956,recreational,9.144,46,,
59,7/17/18,Cook Island,Australia,Tweed Heads,-28.19503,153.57703,recreational,16.4592,20,,
60,7/17/18,Cook Island,Australia,Tweed Heads,-28.19503,153.57703,recreational,16.4592,31,,
61,7/19/18,Julian Rock,Australia,Byron Bay,-28.61093,153.62956,recreational,18.5928,30,,
62,7/19/18,Julian Rock,Australia,Byron Bay,-28.61093,153.62956,recreational,18.5928,24,,
63,7/25/18,Casino Point,United States of America,"Catalina Island, California",33.3491,-118.3251,recreational,18.288,54,,
64,8/18/18,Ed's Lobster Wreck,United States of America,"Wrightsville Beach, North Carolina",33.85467,-76.96433,recreational,20.7,27,,
65,8/18/18,Normannia,United States of America,"Wrightsville Beach, North Carolina",34.2505,-76.54133,recreational,22.9,38,,
66,8/19/18,Markham,United States of America,"Wrightsville Beach, North Carolina",33.9583,-77.555,recreational,26.2,37,,
67,8/19/18,Hyde,United States of America,"Wrightsville Beach, North Carolina",33.9583,-77.555,recreational,23.8,42,,
68,6/15/19,23 Mile Ledge,United States of America,"Wrightsville Beach, North Carolina",33.96667,-77.308,recreational,30.2,28,,
69,6/15/19,Hyde,United States of America,"Wrightsville Beach, North Carolina",33.9583,-77.555,recreational,21.3,28,,
70,6/16/19,Markham,United States of America,"Wrightsville Beach, North Carolina",33.9583,-77.555,recreational,24.1,30,,
71,6/16/19,Hyde,United States of America,"Wrightsville Beach, North Carolina",33.9583,-77.555,recreational,24.4,32,,
72,8/18/19,Crystal Bay,Indonesia,"Nusa Penida, Bali",-8.71547,115.45627,recreational,10.7,34,,
73,8/18/19,Manta Point I,Indonesia,"Nusa Penida, Bali",-8.82528,115.54583,recreational,13.4,44,,
74,8/18/19,Manta Point II,Indonesia,"Nusa Penida, Bali",-8.77583,115.45417,recreational,13.1,45,,
75,7/15/21,John D. Gill,United States of America,"Wrightsville Beach, North Carolina",33.8725,-77.4835,recreational,22.9,34,,
76,7/15/21,John D. Gill,United States of America,"Wrightsville Beach, North Carolina",33.8725,-77.4835,recreational,22.6,46,,
77,7/15/21,Hyde,United States of America,"Wrightsville Beach, North Carolina",33.9583,-77.555,recreational,20.1,48,,
78,7/16/21,Markham,United States of America,"Wrightsville Beach, North Carolina",33.9583,-77.555,recreational,20.7,41,,
79,7/16/21,Hyde,United States of America,"Wrightsville Beach, North Carolina",33.9583,-77.555,recreational,19.8,45,,
80,9/6/21,Puerto Baquerizo Moreno Bay,Ecuador,"Isla San Cristobal, Galápagos Archipelago",-0.854,-89.481,recreational,6.4,22,,
81,9/7/21,Punta Carrión,Ecuador,"Isla Santa Cruz, Galápagos Archipelago",-0.4717,-90.2,recreational,22.6,54,,
82,9/7/21,Punta Carrión,Ecuador,"Isla Santa Cruz, Galápagos Archipelago",-0.4717,-90.2,recreational,23.2,48,,
83,9/8/21,Darwin's Arch,Ecuador,"Isla Darwin, Galápagos Archipelago",1.672,-91.989,recreational,24.7,53,,
84,9/8/21,Darwin's Arch,Ecuador,"Isla Darwin, Galápagos Archipelago",1.672,-91.989,recreational,24.1,51,,
85,9/8/21,Darwin's Arch,Ecuador,"Isla Darwin, Galápagos Archipelago",1.672,-91.989,recreational,25.9,47,,
86,9/9/21,Darwin's Arch,Ecuador,"Isla Darwin, Galápagos Archipelago",1.672,-91.989,recreational,26.5,40,,
87,9/9/21,Darwin's Arch,Ecuador,"Isla Darwin, Galápagos Archipelago",1.672,-91.989,recreational,24.4,47,,
88,9/9/21,Darwin's Arch,Ecuador,"Isla Darwin, Galápagos Archipelago",1.672,-91.989,recreational,26.2,50,,
89,9/9/21,Darwin's Arch,Ecuador,"Isla Darwin, Galápagos Archipelago",1.672,-91.989,recreational,24.7,50,,
90,9/10/21,Shark Bay,Ecuador,"Isla Wolf, Galápagos Archipelago",1.3868,-91.8112,recreational,27.4,51,,
91,9/10/21,Shark Bay,Ecuador,"Isla Wolf, Galápagos Archipelago",1.3868,-91.8112,recreational,22.6,51,,
92,9/10/21,The Landslide,Ecuador,"Isla Wolf, Galápagos Archipelago",1.378,-91.815,recreational,25,45,,
93,9/11/21,Cabo Douglas,Ecuador,"Isla Fernandina, Galápagos Archipelago",-0.046,-91.355,recreational,25.9,36,,
94,9/11/21,Cabo Douglas,Ecuador,"Isla Fernandina, Galápagos Archipelago",-0.046,-91.355,recreational,4.6,34,,
95,9/11/21,Punta Vicente Roca,Ecuador,"Isla Isabella, Galápagos Archipelago",-0.046,-91.355,recreational,27.7,42,,
96,9/12/21,Sail Rock,Ecuador,"Isla Santiago, Galápagos Archipelago",-0.3722,-90.5672,recreational,22.3,47,,
97,9/12/21,Sail Rock,Ecuador,"Isla Santiago, Galápagos Archipelago",-0.3722,-90.5672,recreational,24.4,42,,
98,11/11/21,Manta Dive,United States of America,"Kona, Hawai'i",19.56125,-155.96343,recreational,11.5,51.43,,
99,11/11/21,Blackwater,United States of America,"Kona, Hawai'i",19.64,-156.03,recreational,12.3,54.03,,
100,11/12/21,Pebble Beach,United States of America,"Kona, Hawai'i",19.2941,-155.8953,recreational,40,59.39,,
101,11/12/21,Pebble Beach,United States of America,"Kona, Hawai'i",19.2941,-155.8953,recreational,22.6,60,,
102,11/13/21,"Puako, Mailbox 40",United States of America,"Kona, Hawai'i",19.9678,-155.845,recreational,23.2,71,,
103,11/13/21,Keauhou Harbor,United States of America,"Kona, Hawai'i",19.56159,-155.96265,recreational,17.4,60,,
104,11/25/21,Shark Point,México,Playa del Carmen,20.6139,-87.0544,recreational,24.1,42.48,,
105,11/25/21,Snapper Cave,México,Playa del Carmen,20.5982,-87.0678,recreational,11.3,55.22,,
106,11/26/21,Angelita Cenote,México,Tulum,20.1398,-87.572,recreational,31.8,29.06,,
107,11/26/21,Carwash Cenote,México,Tulum,20.274,-87.4861,recreational,15.4,45.35,,
108,11/27/21,"Hell's Bells, Zapote Cenote",México,Puerto Morelos,20.8578,-87.1267,recreational,33.7,27.33,,
109,11/27/21,Maravilla Cenote,México,Puerto Morelos,20.8719,-87.0235,recreational,30.7,39.59,,
110,12/16/21,El Cańon,México,"Isla San Benedicto, Archipiélago de Revillagigedo",19.2933,-110.8117,recreational,28.9,37.31,,
111,12/16/21,El Cańon,México,"Isla San Benedicto, Archipiélago de Revillagigedo",19.2933,-110.8117,recreational,27.4,44.58,,
112,12/16/21,El Cańon,México,"Isla San Benedicto, Archipiélago de Revillagigedo",19.2933,-110.8117,recreational,26.1,48.08,,
113,12/17/21,El Cańon,México,"Isla San Benedicto, Archipiélago de Revillagigedo",19.2933,-110.8117,recreational,25.2,42.32,,
114,12/17/21,El Cańon,México,"Isla San Benedicto, Archipiélago de Revillagigedo",19.2933,-110.8117,recreational,26.7,31.17,,
115,12/17/21,El Cańon,México,"Isla San Benedicto, Archipiélago de Revillagigedo",19.2933,-110.8117,recreational,25,55.49,,
116,12/17/21,El Cańon,México,"Isla San Benedicto, Archipiélago de Revillagigedo",19.2933,-110.8117,recreational,26.5,44.35,,
117,12/18/21,Cabo Pierce,México,"Isla Socorro, Archipiélago de Revillagigedo",18.775,-110.9083,recreational,28.7,50.01,,
118,12/18/21,Cabo Pierce,México,"Isla Socorro, Archipiélago de Revillagigedo",18.775,-110.9083,recreational,26.2,49.01,,
119,12/18/21,Cabo Pierce,México,"Isla Socorro, Archipiélago de Revillagigedo",18.775,-110.9083,recreational,30.2,49.28,,
120,12/19/21,Punta Tosca,México,"Isla Socorro, Archipiélago de Revillagigedo",18.7733,-111.0567,recreational,28.1,52.54,,
121,12/19/21,Punta Tosca,México,"Isla Socorro, Archipiélago de Revillagigedo",18.7733,-111.0567,recreational,28.2,48.38,,
122,12/19/21,Punta Tosca,México,"Isla Socorro, Archipiélago de Revillagigedo",18.7733,-111.0567,recreational,29.5,52.58,,
123,12/19/21,Punta Tosca,México,"Isla Socorro, Archipiélago de Revillagigedo",18.7733,-111.0567,recreational,26.5,51,,
124,12/20/21,El Cańon,México,"Isla San Benedicto, Archipiélago de Revillagigedo",19.2933,-110.8117,recreational,27,50.48,,
125,12/20/21,El Cańon,México,"Isla San Benedicto, Archipiélago de Revillagigedo",19.2933,-110.8117,recreational,26.3,49.04,,
126,12/20/21,El Cańon,México,"Isla San Benedicto, Archipiélago de Revillagigedo",19.2933,-110.8117,recreational,24,49.39,,
127,12/20/21,El Cańon,México,"Isla San Benedicto, Archipiélago de Revillagigedo",19.2933,-110.8117,recreational,24.2,43.04,,
128,12/21/21,El Boiler,México,"Isla San Benedicto, Archipiélago de Revillagigedo",19.3217,-110.8167,recreational,30.1,52,,
129,12/21/21,El Boiler,México,"Isla San Benedicto, Archipiélago de Revillagigedo",19.3217,-110.8167,recreational,26.7,56.25,,
130,12/21/21,El Boiler,México,"Isla San Benedicto, Archipiélago de Revillagigedo",19.3217,-110.8167,recreational,28.4,51.15,,
131,1/7/21,Little Drop Off,Jamaica,Montego Bay,18.4735,-77.9252,recreational,13.6,52.41,,
132,1/7/21,Jamaica Reef,Jamaica,Montego Bay,18.475,-77.9215,recreational,15.8,48.24,,
133,1/18/21,Pelican Rock,México,San Lucas del Cabo,22.8792,-109.8984,recreational,20.4,38.22,,
134,1/18/21,Lands End,México,San Lucas del Cabo,22.876,-109.3908,recreational,19,42.31,,
135,1/19/21,Gordo 2,México,San Lucas del Cabo,23.0376,-109.3908,recreational,33.4,42.04,,
136,1/19/21,Gordo 1,México,San Lucas del Cabo,23.038,-109.391,recreational,32.7,48.44,,
137,2/18/22,Surveyor's Rock,United States of America,"Anacapa Island, California",34.0044,-119.3996,recreational,10.8,33.56,,
138,2/18/22,Underwater Island,United States of America,"Anacapa Island, California",34.004,-119.39,recreational,17.7,36.38,,
139,2/18/22,Smuggler's Cove,United States of America,"Santa Cruz Island, California",34.02,-119.54207,recreational,5.8,7.45,,
140,2/18/22,Smuggler's Cove,United States of America,"Santa Cruz Island, California",34.02,-119.54207,recreational,6.2,16.24,,
141,2/26/22,Dive Well (Rec Cen),United States of America,"UCSB, California",34.415,-119.852,training,4.9,33.22,,
142,3/21/22,Campus Point,United States of America,"UCSB, California",34.40587,-119.84556,training,5.6,9.11,,
143,3/21/22,Campus Point,United States of America,"UCSB, California",34.40587,-119.84556,training,6.7,8.02,,
144,3/21/22,Campus Point,United States of America,"UCSB, California",34.40587,-119.84556,training,6,5.56,,
145,3/22/22,Wrigley's Cove,United States of America,"Catalina Island, California",33.4475,-118.4842,training,5,26.18,,
146,3/22/22,Wrigley's Cove,United States of America,"Catalina Island, California",33.4475,-118.4842,training,8.5,9.29,,
147,3/22/22,Wrigley's Cove,United States of America,"Catalina Island, California",33.4475,-118.4842,training,9.1,8.18,,
148,3/23/22,Chalk Cove,United States of America,"Catalina Island, California",33.446,-118.486,training,7.6,47,,
149,3/23/22,Wrigley's Cove,United States of America,"Catalina Island, California",33.4475,-118.4842,training,7.3,17.59,,
150,3/23/22,Wrigley's Cove,United States of America,"Catalina Island, California",33.4475,-118.4842,training,4.5,4.31,,
151,3/23/22,Wrigley's Cove,United States of America,"Catalina Island, California",33.4475,-118.4842,training,6.1,9.5,,
152,3/23/22,Wrigley's Cove,United States of America,"Catalina Island, California",33.4475,-118.4842,training,5.9,32.33,,
153,3/23/22,Wrigley's Cove,United States of America,"Catalina Island, California",33.4475,-118.4842,training,10.7,23.01,,
154,3/23/22,Wrigley's Cove,United States of America,"Catalina Island, California",33.4475,-118.4842,training,6,20.37,,
155,3/24/22,Intake System,United States of America,"UCSB, California",34.4065,-119.8446,training,27.5,47.25,,
156,3/25/22,Campus Point,United States of America,"UCSB, California",34.40587,-119.84556,training,5.4,15.26,,
157,3/25/22,Campus Point,United States of America,"UCSB, California",34.40587,-119.84556,training,5.2,13.12,,
158,3/26/22,Campus Point,United States of America,"UCSB, California",34.40587,-119.84556,training,5.2,23.04,,
159,3/26/22,Campus Point,United States of America,"UCSB, California",34.40587,-119.84556,training,6.6,32.07,,
160,4/16/22,Smuggler's Cove,United States of America,"Santa Cruz Island, California",34.02,-119.54207,recreational,11.2,47.48,,
161,4/16/22,San Pedro Point,United States of America,"Santa Cruz Island, California",34.03417,-119.52151,recreational,9.8,41.54,,
162,4/16/22,Outside Coral Reef,United States of America,"Anacapa Island, California",34.0172,-119.3565,recreational,14.1,38.18,,
163,4/28/22,Camp Site,United States of America,"Refugio Beach, California",34.46286,-120.06933,scientific,6.3,64,,
164,5/21/22,Black Rock,United States of America,"Catalina Island, California",33.44028,-118.50194,scientific,12.3,54.53,,
165,5/21/22,Black Rock,United States of America,"Catalina Island, California",33.44028,-118.50194,scientific,11.5,13.1,,
166,5/21/22,Black Rock,United States of America,"Catalina Island, California",33.44028,-118.50194,scientific,12.2,48.29,,
167,5/22/22,Blue Cavern,United States of America,"Catalina Island, California",33.4475,-118.4842,scientific,10.3,56.2,,
168,5/22/22,Blue Cavern,United States of America,"Catalina Island, California",33.4475,-118.4842,scientific,11,63,,
169,5/22/22,Blue Cavern,United States of America,"Catalina Island, California",33.4475,-118.4842,scientific,14.4,45.2,,
170,7/3/22,Angel's Reef,Indonesia,Moyo Island,-8.225,117.512,recreational,19.8,53.11,,
171,7/3/22,Santonda Bay,Indonesia,Moyo Island,-8.1114,117.7461,recreational,18.3,58.08,,
172,7/4/22,K2,Indonesia,Gili Banta,-8.423,119.292,recreational,28.6,56.24,,
173,7/4/22,Batu Monco,Indonesia,Komodo Island,-8.411,119.417,recreational,24.7,65,,
174,7/4/22,Shot Gun,Indonesia,Komodo Island,-8.455,119.564,recreational,17.6,51.57,,
175,7/4/22,Soro Liah,Indonesia,Komodo Island,-8.7437,119.4571,recreational,25,56.32,,
176,7/5/22,Tatawa Besar,Indonesia,Lintah Strait,-8.5101,119.6384,recreational,18.6,72,,
177,7/5/22,Batu Balong,Indonesia,Lintah Strait,-8.544,119.589,recreational,12.4,1.18,,
178,7/5/22,Batu Balong,Indonesia,Lintah Strait,-8.544,119.589,recreational,25.9,55.39,,
179,7/5/22,Wainilu,Indonesia,Lintah Strait,-8.62797,119.70772,recreational,20.3,61,,
180,7/6/22,Tatak Makassar,Indonesia,Lintah Strait,-8.552,119.617,recreational,18.3,72,,
181,7/6/22,Tatak Makassar,Indonesia,Lintah Strait,-8.552,119.617,recreational,21.3,65,,
182,7/6/22,Cristal Rock,Indonesia,Komodo Island,-8.439,119.5666,recreational,25.1,64,,
183,7/6/22,Darat Reef,Indonesia,Gili Lawa Darat,-8.468,119.559,recreational,12.7,67,,
184,7/7/22,K2,Indonesia,Gili Banta,-8.423,119.292,recreational,30.6,65,,
185,7/7/22,Hot Rocks,Indonesia,Sangeang Volcano,-8.196,119.07,recreational,23.5,74,,
186,7/7/22,Tikno Reef,Indonesia,Sangeang Volcano,-8.196,119.07,recreational,22.9,83,,
187,7/7/22,Bontoh,Indonesia,Sangeang Volcano,-8.196,119.07,recreational,13.1,65,,
188,7/8/22,Angel Ridge,Indonesia,Moyo Island,-8.225,117.512,recreational,25.7,64,,
189,7/8/22,Little Angel Reef,Indonesia,Moyo Island,-8.225,117.512,recreational,25.4,60,,
190,7/13/22,Toyapakeh,Indonesia,"Nusa Penida, Bali",-8.691,115.485,recreational,19.1,60,,
191,7/13/22,SD,Indonesia,"Nusa Penida, Bali",-8.675,115.513,recreational,21,63,,
192,7/14/22,Manta Point,Indonesia,"Nusa Penida, Bali",-8.7988,115.5178,recreational,23,50.59,,
193,7/14/22,Crystal Bay,Indonesia,"Nusa Penida, Bali",-8.7154,115.4562,recreational,29.1,51.43,,
194,8/18/22,Middle Earth,Australia,"Bougainville Reef, Great Barrier Reef",-15.485,147.118,recreational,25.6,52.07,,
195,8/19/22,Dungeon and Dragons,Australia,"Bougainville Reef, Great Barrier Reef",-15.492,147.114,recreational,20.6,42.15,,
196,8/19/22,Crystal Plateau,Australia,"Bougainville Reef, Great Barrier Reef",-15.501,147.109,recreational,27.8,57.2,,
197,8/19/22,Crystal Plateau,Australia,"Bougainville Reef, Great Barrier Reef",-15.501,147.109,recreational,17.6,45.5,,
198,8/20/22,Halfway,Australia,"Osprey Reef, Great Barrier Reef",-13.882,146.551,recreational,24.2,58.13,,
199,8/20/22,North Horn,Australia,"Osprey Reef, Great Barrier Reef",-13.8014,146.546,recreational,21.1,48.19,,
200,8/20/22,West Wall,Australia,"Osprey Reef, Great Barrier Reef",-13.865,146.542,recreational,24.1,51.06,,
201,8/20/22,Admiralty Anchor,Australia,"Osprey Reef, Great Barrier Reef",-13.887,146.5569,recreational,17.5,52.45,,
202,8/20/22,Admiralty Anchor,Australia,"Osprey Reef, Great Barrier Reef",-13.887,146.5569,recreational,20.8,52.21,,
203,8/21/22,Cod Hole,Australia,"Ribbon Reef 10, Great Barrier Reef",-14.6639,145.6634,recreational,12.9,62,,
204,8/21/22,Cod Hole,Australia,"Ribbon Reef 10, Great Barrier Reef",-14.6639,145.6634,recreational,11.6,57.41,,
205,8/21/22,Gotham City,Australia,"Ribbon Reef 10, Great Barrier Reef",-14.735,145.72,recreational,22.8,57.2,,
206,8/21/22,Gotham City,Australia,"Ribbon Reef 10, Great Barrier Reef",-14.735,145.72,recreational,22.9,58.23,,
207,8/22/22,Coral Kingdom,Australia,"Ribbon Reef 10, Great Barrier Reef",-14.742,145.715,recreational,15.9,56.17,,
208,8/22/22,Lighthouse Bommie,Australia,"Ribbon Reef 10, Great Barrier Reef",-14.862,145.748,recreational,21,46.23,,
209,8/22/22,Lighthouse Bommie,Australia,"Ribbon Reef 10, Great Barrier Reef",-14.862,145.748,recreational,24.4,49.21,,
210,8/22/22,Pixie Wall,Australia,"Ribbon Reef 10, Great Barrier Reef",-14.875,145.759,recreational,22.8,57.07,,
211,8/22/22,Pixie Wall,Australia,"Ribbon Reef 10, Great Barrier Reef",-14.875,145.759,recreational,14.8,60,,
212,8/23/22,Goggle Gardens,Australia,"Ribbon Reef 10, Great Barrier Reef",-14.881,145.759,recreational,14,61,,
213,8/23/22,Two Towers,Australia,"Ribbon Reef 10, Great Barrier Reef",-14.892,145.765,recreational,11.5,66,,
214,8/23/22,Two Towers,Australia,"Ribbon Reef 10, Great Barrier Reef",-14.892,145.765,recreational,12.6,60,,
215,8/23/22,Pixie Gardens,Australia,"Ribbon Reef 10, Great Barrier Reef",-14.905,145.772,recreational,12.6,70,,
216,8/23/22,Pixie Gardens,Australia,"Ribbon Reef 10, Great Barrier Reef",-14.905,145.772,recreational,14.4,48.57,,
217,8/23/22,Pixie Gardens,Australia,"Ribbon Reef 10, Great Barrier Reef",-14.905,145.772,recreational,12.6,70,,
218,8/24/22,Steve's Bommie,Australia,"Ribbon Reef 3, Great Barrier Reef",-15.5018,145.788,recreational,23.7,63,,
219,8/24/22,Steve's Bommie,Australia,"Ribbon Reef 3, Great Barrier Reef",-15.5018,145.788,recreational,24.9,66,,
220,8/24/22,Flare Point,Australia,"Ribbon Reef 3, Great Barrier Reef",-15.512,145.795,recreational,17.5,65,,
221,8/24/22,Flare Point,Australia,"Ribbon Reef 3, Great Barrier Reef",-15.512,145.795,recreational,7.8,57.32,,
222,9/2/22,Julian Rocks,Australia,Byron Bay,-28.61093,153.62956,recreational,19,56.07,,
223,9/2/22,Julian Rocks,Australia,Byron Bay,-28.61093,153.62956,recreational,19.6,53.37,,
224,9/10/22,Julian Rocks,Australia,Byron Bay,-28.61093,153.62956,recreational,19.6,53.37,,
225,9/10/22,Julian Rocks,Australia,Byron Bay,-28.61093,153.62956,recreational,14.9,45.45,,
226,9/11/22,Cook Island,Australia,Tweed Heads,-28.1947,153.5786,recreational,11.3,47.1,,
227,9/11/22,Cook Island,Australia,Tweed Heads,-28.1947,153.5786,recreational,13,47.38,,
228,12/15/22,El Cańon,México,"Isla San Benedicto, Archipiélago de Revillagigedo",19.2933,-110.8117,recreational,27.4,48.41,,
229,12/15/22,El Cańon,México,"Isla San Benedicto, Archipiélago de Revillagigedo",19.2933,-110.8117,recreational,25.8,50.21,,
230,12/15/22,El Cańon,México,"Isla San Benedicto, Archipiélago de Revillagigedo",19.2933,-110.8117,recreational,30.8,50.39,,
231,12/15/22,El Cańon,México,"Isla San Benedicto, Archipiélago de Revillagigedo",19.2933,-110.8117,recreational,26.8,50.27,,
232,12/16/22,El Boiler,México,"Isla San Benedicto, Archipiélago de Revillagigedo",19.3217,-110.8167,recreational,33.9,48.48,,
233,12/16/22,El Boiler,México,"Isla San Benedicto, Archipiélago de Revillagigedo",19.3217,-110.8167,recreational,34.8,52.2,,
234,12/16/22,El Boiler,México,"Isla San Benedicto, Archipiélago de Revillagigedo",19.3217,-110.8167,recreational,30.7,53.11,,
235,12/16/22,El Boiler,México,"Isla San Benedicto, Archipiélago de Revillagigedo",19.3217,-110.8167,recreational,28.4,35.11,,
236,12/17/22,Roca Partida,México,"Roca Partida, Archipiélago de Revillagigedo",19.01036,-112.06603,recreational,33.3,47.35,,
237,12/17/22,Roca Partida,México,"Roca Partida, Archipiélago de Revillagigedo",19.01036,-112.06603,recreational,25.6,53.56,,
238,12/17/22,Roca Partida,México,"Roca Partida, Archipiélago de Revillagigedo",19.01036,-112.06603,recreational,26.2,45.19,,
239,12/18/22,Roca O'Neil,México,"Isla Socorro, Archipiélago de Revillagigedo",18.83583,-110.995,recreational,30.4,53.35,,
240,12/18/22,Punta Tosca,México,"Isla Socorro, Archipiélago de Revillagigedo",18.7733,-111.0567,recreational,24.8,55.32,,
241,12/18/22,Punta Tosca,México,"Isla Socorro, Archipiélago de Revillagigedo",18.7733,-111.0567,recreational,29.9,51.17,,
242,12/19/22,Cabo Pierce,México,"Isla Socorro, Archipiélago de Revillagigedo",18.775,-110.9083,recreational,25.1,51.51,,
243,12/19/22,Cabo Pierce,México,"Isla Socorro, Archipiélago de Revillagigedo",18.775,-110.9083,recreational,26,55.25,,
244,12/19/22,Cabo Pierce,México,"Isla Socorro, Archipiélago de Revillagigedo",18.775,-110.9083,recreational,28.6,50.37,,
245,12/19/22,Cabo Pierce,México,"Isla Socorro, Archipiélago de Revillagigedo",18.775,-110.9083,recreational,29.1,17.44,,
246,12/19/22,Cabo Pierce,México,"Isla Socorro, Archipiélago de Revillagigedo",18.775,-110.9083,recreational,23.4,30.19,,
247,12/20/22,Cabo Pierce,México,"Isla Socorro, Archipiélago de Revillagigedo",18.775,-110.9083,recreational,24.1,56.45,,
248,12/20/22,Cabo Pierce,México,"Isla Socorro, Archipiélago de Revillagigedo",18.775,-110.9083,recreational,26.1,57.01,,
249,4/27/23,Cathedral Cove Rock 1,United States of America,"Santa Cruz Island, California",34.015,-119.3717,recreational,9.4,65,,
250,4/27/23,Cathedral Cove Rock 1,United States of America,"Santa Cruz Island, California",34.015,-119.3717,recreational,8.3,58.57,,
251,5/13/23,Brickyard,United States of America,"Santa Cruz Island, California",34.0531,-119.9142,recreational,10.3,47.35,,
252,5/13/23,Brickyard,United States of America,"Santa Cruz Island, California",34.0531,-119.9142,recreational,11.9,39.31,,
253,7/6/23,"Northern Caves, Protea Banks",South Africa,Shelly Beach,-30.80172,30.485,recreational,35.8,51.15,,
254,7/7/23,"Northern Caves, Protea Banks",South Africa,Shelly Beach,-30.80172,30.485,recreational,35.7,48.24,,
255,7/7/23,Protea Banks,South Africa,Shelly Beach,-30.87167,30.45861,recreational,36.7,45.37,,
256,7/7/23,"Northern Caves, Protea Banks",South Africa,Shelly Beach,-30.80172,30.485,recreational,14.2,61,,
257,7/8/23,"Playgrounds, Protea Banks",South Africa,Shelly Beach,-30.82118,30.48534,recreational,36.2,51,,
258,7/8/23,Protea Banks,South Africa,Shelly Beach,-30.87167,30.45861,recreational,14.2,70,,
259,7/12/23,Tokyo Drift,Mozambique,Morrungulo,-23.233,35.533,recreational,26,43.51,,
260,7/12/23,White Tip,Mozambique,Morrungulo,-23.22,35.545,recreational,27.2,16.55,,
261,7/13/23,Benchmark,Mozambique,Morrungulo,-23.245,35.528,recreational,26.2,44.21,,
262,7/13/23,Benchmark,Mozambique,Morrungulo,-23.245,35.528,recreational,28.1,39.06,,
263,7/14/23,Tokyo Drift,Mozambique,Morrungulo,-23.233,35.533,recreational,25.6,51.11,,
264,7/14/23,Matswa,Mozambique,Morrungulo,-23.251,35.52,recreational,25.5,37.58,,
265,7/15/23,Rob's Bottom,Mozambique,Tofo Beach,-23.525,35.55,recreational,27.7,45.39,,
266,7/15/23,Giant's Castle,Mozambique,Tofo Beach,-23.83434,35.56137,recreational,32.4,45.49,,
267,7/16/23,Amazon,Mozambique,Tofo Beach,-23.53881,35.8374,recreational,28.7,48.21,,
268,7/16/23,Office,Mozambique,Tofo Beach,-23.483,35.483,recreational,25.6,53.05,,
269,7/17/23,Outback,Mozambique,Tofo Beach,-23.85,35.542,recreational,28.7,44.42,,
270,7/17/23,Giant's Castle,Mozambique,Tofo Beach,-23.83434,35.56137,recreational,31.5,39.51,,
271,7/17/23,Marble Arch,Mozambique,Tofo Beach,-23.883,35.517,recreational,19.5,41.33,,
272,7/18/23,Amazon,Mozambique,Tofo Beach,-23.53881,35.8374,recreational,27,47.38,,
273,7/18/23,Hospital,Mozambique,Tofo Beach,-23.867,35.525,recreational,26.6,43.34,,
274,7/19/23,Manta Reef,Mozambique,Tofo Beach,-23.97653,35.52361,recreational,14.2,2.07,,
275,7/19/23,Manta Reef,Mozambique,Tofo Beach,-23.97653,35.52361,recreational,27.4,45.49,,
276,7/19/23,Giant's Castle,Mozambique,Tofo Beach,-23.83434,35.56137,recreational,30.9,41.45,,
277,7/20/23,Giant's Castle,Mozambique,Tofo Beach,-23.83434,35.56137,recreational,28.8,42.26,,
278,7/26/23,Cathedral,Mauritius,Flic en Flac,-20.26896,57.29336,recreational,27.3,40.46,,
279,7/26/23,Aquarium,Mauritius,Flic en Flac,-20.2994,57.3633,recreational,24.5,45.05,,
280,7/28/23,Canon Beach,Mauritius,Flic en Flac,-20.3015,57.3612,recreational,19,45.05,,
281,7/31/23,Turtle Point,Mauritius,Grand Baie,-20.0042,57.5854,recreational,23.3,45.47,,
282,7/31/23,Melville Point,Mauritius,Grand Baie,-20.0003,57.5824,recreational,13.8,49.25,,
283,12/26/23,Ice Box,United States of America,"Kauai, Hawai'i",21.8753,-159.4975,recreational,26.4,57.51,,
284,12/26/23,Turtle Bluff,United States of America,"Kauai, Hawai'i",21.8778,-159.5083,recreational,22,56.34,,
285,12/26/23,Harbor Ledges,United States of America,"Kauai, Hawai'i",21.8842,-159.495,recreational,19.6,62,,
286,4/28/24,Cathedral Cove Rock 1,United States of America,"Anacapa Island, California",34.015,-119.3717,scientific,7.1,49.57,,
287,4/28/24,Cathedral Cove Rock 1,United States of America,"Anacapa Island, California",34.015,-119.3717,scientific,8.5,44.28,,
288,5/14/24,Arroyo Quemado,United States of America,"Santa Barbara, California",34.467,-120.117,scientific,4.1,0.18,,
289,5/14/24,Arroyo Quemado,United States of America,"Santa Barbara, California",34.467,-120.117,scientific,6.7,17.28,,
290,5/14/24,Mohawk,United States of America,"Santa Barbara, California",34.394,-119.728,scientific,7.5,11.24,,
291,5/14/24,Mohawk,United States of America,"Santa Barbara, California",34.394,-119.728,scientific,7.8,18.07,,
292,6/20/24,Pelican,United States of America,"Santa Cruz Island, California",34.035,-119.703,scientific,13,46.51,,
293,6/20/24,Pelican,United States of America,"Santa Cruz Island, California",34.035,-119.703,scientific,9.3,43.01,,
294,6/21/24,Landing Cove,United States of America,"Anacapa Island, California",34.017,-119.358,scientific,6.6,53.31,,
295,6/21/24,Lighthouse,United States of America,"Anacapa Island, California",34.016,-119.36,scientific,9.6,44.01,,
296,6/21/24,Lighthouse,United States of America,"Anacapa Island, California",34.016,-119.36,scientific,8.8,38.09,,
297,6/24/24,East Isle,United States of America,"Anacapa Island, California",34.015,-119.365,scientific,7.2,60,,
298,6/24/24,Middle Isle,United States of America,"Anacapa Island, California",34.005,-119.385,scientific,8,55.37,,
299,6/24/24,Middle Isle,United States of America,"Anacapa Island, California",34.005,-119.385,scientific,8.1,47.59,,
300,6/27/24,Naples,United States of America,"Santa Barbara, California",34.415,-119.936,scientific,13.8,37.52,,
301,6/27/24,Naples,United States of America,"Santa Barbara, California",34.415,-119.936,scientific,13.3,57.27,,
302,6/27/24,IV Reef,United States of America,"Santa Barbara, California",34.407,-119.856,scientific,10.2,48.34,,
303,6/27/24,IV Reef,United States of America,"Santa Barbara, California",34.407,-119.856,scientific,8,53.29,,
304,7/2/24,West Isle,United States of America,"Anacapa Island, California",34.007,-119.428,scientific,10.6,41.42,,
305,7/2/24,West Isle,United States of America,"Anacapa Island, California",34.007,-119.428,scientific,15.9,44.16,,
306,7/2/24,Middle Isle,United States of America,"Anacapa Island, California",34.005,-119.385,scientific,8.7,59.57,,
307,7/2/24,Middle Isle,United States of America,"Anacapa Island, California",34.005,-119.385,scientific,9.2,41.12,,
308,7/5/24,Middle Isle,United States of America,"Anacapa Island, California",34.005,-119.385,scientific,9.5,34.46,,
309,7/5/24,Middle Isle,United States of America,"Anacapa Island, California",34.005,-119.385,scientific,9.2,59.35,,
310,7/5/24,Middle Isle,United States of America,"Anacapa Island, California",34.005,-119.385,scientific,8.1,41.5,,
311,7/5/24,West Isle,United States of America,"Anacapa Island, California",34.007,-119.428,scientific,9.1,37.33,,
312,7/9/24,Arroyo Quemado,United States of America,"Santa Barbara, California",34.467,-120.117,scientific,14.1,35.06,,
313,7/9/24,Arroyo Quemado,United States of America,"Santa Barbara, California",34.467,-120.117,scientific,9.9,43.14,,
314,7/9/24,Arroyo Quemado,United States of America,"Santa Barbara, California",34.467,-120.117,scientific,13.8,31.29,,
315,7/9/24,IV Reef,United States of America,"Santa Barbara, California",34.407,-119.856,scientific,10.2,34.48,,
316,7/25/24,Hazards,United States of America,"Santa Cruz Island, California",34.1,-119.82,scientific,19.4,40.26,,
317,7/25/24,Hazards,United States of America,"Santa Cruz Island, California",34.1,-119.82,scientific,16.5,33.1,,
318,7/25/24,Hazards,United States of America,"Santa Cruz Island, California",34.1,-119.82,scientific,7.1,11.38,,
319,7/25/24,Hazards,United States of America,"Santa Cruz Island, California",34.1,-119.82,scientific,12.6,26.24,,
320,7/26/24,Arroyo Quemado,United States of America,"Santa Barbara, California",34.467,-120.117,scientific,10.5,44.27,,
321,7/26/24,Arroyo Quemado,United States of America,"Santa Barbara, California",34.467,-120.117,scientific,7.2,49.04,,
322,7/26/24,Arroyo Quemado,United States of America,"Santa Barbara, California",34.467,-120.117,scientific,12.7,44.21,,
323,7/26/24,Arroyo Quemado,United States of America,"Santa Barbara, California",34.467,-120.117,scientific,7.4,24.47,,
324,7/30/24,Lighthouse,United States of America,"Anacapa Island, California",34.016,-119.36,scientific,9.8,50.41,,
325,7/30/24,West Isle,United States of America,"Anacapa Island, California",34.007,-119.428,scientific,6.5,36.57,,
326,7/30/24,West Isle,United States of America,"Anacapa Island, California",34.007,-119.428,scientific,7,45.24,,
327,7/30/24,West Isle,United States of America,"Anacapa Island, California",34.007,-119.428,scientific,5.9,46.37,,
328,8/1/24,Pelican,United States of America,"Santa Cruz Island, California",34.035,-119.703,scientific,14.3,50.29,,
329,8/1/24,Pelican,United States of America,"Santa Cruz Island, California",34.035,-119.703,scientific,12.3,45.53,,
330,8/1/24,Pelican,United States of America,"Santa Cruz Island, California",34.035,-119.703,scientific,9,46.44,,
331,8/2/24,Lighthouse,United States of America,"Anacapa Island, California",34.016,-119.36,scientific,5.5,42.06,,
332,8/2/24,East Fish Camp,United States of America,"Anacapa Island, California",34.00158,-119.39807,scientific,8.8,48.15,,
333,8/2/24,Admiral's Reef,United States of America,"Anacapa Island, California",34.015,-119.34,scientific,9.8,50.56,,
334,8/2/24,Admiral's Reef,United States of America,"Anacapa Island, California",34.015,-119.34,scientific,8.3,39.14,,
335,8/6/24,Harris Point Reserve,United States of America,"San Miguel Island, California",34.0485,-120.3533,scientific,13.8,59.02,,
336,8/6/24,Harris Point Reserve,United States of America,"San Miguel Island, California",34.0485,-120.3533,scientific,12.4,55.27,,
337,8/6/24,Cuyler,United States of America,"San Miguel Island, California",34.0567,-120.355,scientific,8.8,34.25,,
338,8/13/24,East Fish Camp,United States of America,"Anacapa Island, California",34.00158,-119.39807,scientific,6.3,31.4,,
339,8/13/24,Yellowbanks,United States of America,"Santa Cruz Island, California",34.0133,-119.5467,scientific,17.3,28.25,,
340,8/13/24,Yellowbanks,United States of America,"Santa Cruz Island, California",34.0133,-119.5467,scientific,10.6,34.35,,
341,8/13/24,Yellowbanks,United States of America,"Santa Cruz Island, California",34.0133,-119.5467,scientific,13.5,34.12,,
342,8/22/24,Yellowbanks,United States of America,"Santa Cruz Island, California",34.0133,-119.5467,scientific,18.8,48.36,,
343,8/22/24,Yellowbanks,United States of America,"Santa Cruz Island, California",34.0133,-119.5467,scientific,10.1,45.15,,
344,8/28/24,South Point,United States of America,"Santa Rosa Island, California",33.9167,-120.1667,scientific,13.9,46.48,,
345,8/28/24,South Point,United States of America,"Santa Rosa Island, California",33.9167,-120.1667,scientific,13,45.2,,
346,8/28/24,South Point,United States of America,"Santa Rosa Island, California",33.9167,-120.1667,scientific,5.7,57.28,,
347,8/28/24,South Point,United States of America,"Santa Rosa Island, California",33.9167,-120.1667,scientific,10.9,42.57,,
348,8/28/24,Johnson's Lee South,United States of America,"Santa Rosa Island, California",33.9033,-120.1012,scientific,14.6,36.17,,
349,8/29/24,Johnson's Lee South,United States of America,"Santa Rosa Island, California",33.9033,-120.1012,scientific,11.1,21.16,,
350,8/29/24,Forney,United States of America,"Santa Cruz Island, California",34.055,-119.92,scientific,10.9,46.4,,
351,8/29/24,Forney,United States of America,"Santa Cruz Island, California",34.055,-119.92,scientific,11.7,33.57,,
352,9/24/24,Cavern (Location 1),United States of America,"Santa Cruz Island, California",34.05,-119.55,scientific,5.6,50.16,,
353,9/24/24,Cavern (Location 2),United States of America,"Santa Cruz Island, California",34.05,-119.55,scientific,6,63.21,,
354,9/24/24,Potato Pasture,United States of America,"Santa Cruz Island, California",34.0483,-119.5908,scientific,5.9,63.49,,
355,10/4/24,Harris Point Reserve,United States of America,"San Miguel Island, California",34.0485,-120.3533,scientific,11.6,34.18,,
356,10/4/24,Cuyler,United States of America,"San Miguel Island, California",34.0567,-120.355,scientific,13.5,8.28,,
357,10/4/24,Harris Point Reserve,United States of America,"San Miguel Island, California",34.0485,-120.3533,scientific,12.2,41.17,,
358,10/9/24,Potato Pasture,United States of America,"Santa Cruz Island, California",34.0483,-119.5908,scientific,10.9,30.03,,
359,10/9/24,Potato Pasture,United States of America,"Santa Cruz Island, California",34.0483,-119.5908,scientific,7.6,67,,
360,8/13/25,The Observatory,United States of America,"Anacapa Island, California",34.0133,-119.5467,recreational,20.5,33.45,,
361,8/13/25,Porteguse Rock,United States of America,"Anacapa Island, California",34.0151,-119.421,recreational,10.1,52.08,,
362,8/13/25,Winefield Scott,United States of America,"Anacapa Island, California",34.009,-119.421,recreational,10,44.33,,
363,8/21/25,Gull Island,United States of America,"Santa Cruz Island, California",33.9502,-119.8276,scientific,11.7,69,,
364,8/21/25,Forney,United States of America,"Santa Cruz Island, California",34.055,-119.92,scientific,10.3,37.52,,
365,8/21/25,Forney,United States of America,"Santa Cruz Island, California",34.055,-119.92,scientific,10.1,24.43,,
366,10/28/25,Gull Island,United States of America,"Santa Cruz Island, California",33.9502,-119.8276,scientific,20,50.05,,
367,10/28/25,Gull Island,United States of America,"Santa Cruz Island, California",33.9502,-119.8276,scientific,5.8,53.34,,
368,10/28/25,Gull Island,United States of America,"Santa Cruz Island, California",33.9502,-119.8276,scientific,5.3,53.59,,
369,10/29/25,Gull Island,United States of America,"Santa Cruz Island, California",33.9502,-119.8276,scientific,21.9,47.47,,
370,10/29/25,Gull Island,United States of America,"Santa Cruz Island, California",33.9502,-119.8276,scientific,11,41.08,,
371,10/29/25,Yellowbanks,United States of America,"Santa Cruz Island, California",34.0133,-119.5467,scientific,10.6,32.51,,
372,11/11/25,Valley,United States of America,"Santa Cruz Island, California",33.975,-119.6717,scientific,12.4,28.36,,
373,11/11/25,Valley,United States of America,"Santa Cruz Island, California",33.975,-119.6717,scientific,8,16.46,,
374,11/11/25,Yellowbanks,United States of America,"Santa Cruz Island, California",34.0133,-119.5467,scientific,10.4,18.06,,
375,2/13/26,Kimud,Philippines,Isla Malapascua,11.28015,124.25555,recreational,18.5,6.44,,
376,2/13/26,Kimud,Philippines,Isla Malapascua,11.28015,124.25555,recreational,22.5,43.05,,
377,2/13/26,Monad,Philippines,Isla Malapascua,11.30917,124.19048,recreational,17.1,56.08,,
378,2/14/26,Kimud,Philippines,Isla Malapascua,11.28015,124.25555,recreational,25.5,56.21,,
379,2/14/26,Kimud,Philippines,Isla Malapascua,11.28015,124.25555,recreational,23.1,56.04,,
380,2/15/26,Gato Island,Philippines,Isla Malapascua,11.44688,124.02062,recreational,25,50.56,,
381,2/15/26,Gato Island,Philippines,Isla Malapascua,11.44688,124.02062,recreational,21.1,46.24,,
382,2/16/26,Kimud,Philippines,Isla Malapascua,11.28015,124.25555,recreational,23.1,44.04,,
383,2/16/26,Kimud,Philippines,Isla Malapascua,11.28015,124.25555,recreational,21,46.12,,
384,2/16/26,Taplion Wreck,Philippines,Isla Malapascua,11.31893,124.03237,recreational,27.1,34.52,,
385,2/16/26,Chocolate Island,Philippines,Isla Malapascua,11.30599,124.0637,recreational,14.1,48.57,,
386,2/17/26,Kimud,Philippines,Isla Malapascua,11.28015,124.25555,recreational,27.1,47.59,,
387,2/17/26,Kimud,Philippines,Isla Malapascua,11.28015,124.25555,recreational,23.3,54.02,,
388,2/17/26,Deep Rock,Philippines,Isla Malapascua,11.35121,124.10289,recreational,23.6,45.5,,
389,2/18/26,Kimud,Philippines,Isla Malapascua,11.28015,124.25555,recreational,16.7,41.57,,
390,2/18/26,Kimud,Philippines,Isla Malapascua,11.28015,124.25555,recreational,16.4,49.48,,
391,2/18/26,Monad,Philippines,Isla Malapascua,11.30917,124.19048,recreational,14.4,50.15,,
392,2/27/26,East Reef,Thailand,Koh Bon,8.82785,97.79508,recreational,25,50.3,,
393,2/27/26,Reef,Thailand,Koh Tachai,9.06377,97.81637,recreational,19.6,60.03,,
394,2/28/26,Richelieu Rock,Thailand,Hin Plo Naam,9.36422,98.02281,recreational,22.1,46.41,,
395,2/28/26,Richelieu Rock,Thailand,Hin Plo Naam,9.36422,98.02281,recreational,26.4,51.45,,
396,2/28/26,Richelieu Rock,Thailand,Hin Plo Naam,9.36422,98.02281,recreational,28,54.07,,
397,2/28/26,Reef,Thailand,Koh Tachai,9.06377,97.81637,recreational,17.8,48.07,,
398,3/1/26,Pinnacle,Thailand,Koh Tachai,9.05758,97.81398,recreational,23.6,43.14,,
399,3/1/26,Wall,Thailand,Koh Bon,8.82792,97.79566,recreational,27.2,56.13,,