file,title,location,date,caption
image_1.jpg,image_1,"Amboseli National Park, Kenya","August, 2023",Platalea alba (African Spoonbill)
image_10.JPG,image_10,"Paris, France","July, 2022",Eiffel Tower
image_11.jpg,image_11,"Amboseli National Park, Kenya","August, 2023",Loxodonta africana (African Bush Elephant)
image_12.jpg,image_12,"Amboseli National Park, Kenya","August, 2023",Loxodonta africana (African Bush Elephant)
image_13.jpg,image_13,"Amboseli National Park, Kenya","August, 2023",Loxodonta africana (African Bush Elephant)
image_14.jpg,image_14,"Amboseli National Park, Kenya","August, 2023",Loxodonta africana (African Bush Elephant)
image_16.jpg,image_16,"Amboseli National Park, Kenya","August, 2023",Loxodonta africana (African Bush Elephant)
image_17.jpg,image_17,"Maasai Mara National Reserve, Kenya","August, 2023",Panthera leo (Lion)
image_18.jpg,image_18,"Maasai Mara National Reserve, Kenya","August, 2023",Panthera leo (Lion)
image_19.jpg,image_19,"Maasai Mara National Reserve, Kenya","August, 2023",Giraffa tippelskirchi (Maasai Giraffe)
image_2.jpg,image_2,"Piggabeen, Australia","September, 2022",Macropus giganteus (Eastern Gray Kangaroo)
image_20.jpg,image_20,"Maasai Mara National Reserve, Kenya","August, 2023",Giraffa tippelskirchi (Maasai Giraffe)
image_21.jpg,image_21,"Amboseli National Park, Kenya","August, 2023",Phoenicopterus roseus (Greater Flamingo)
image_22.jpg,image_22,"Amboseli National Park, Kenya","August, 2023",Balearica regulorum (African Crowned Crane)
image_23.jpeg,image_23,"Grindelwald, Switzerland","June, 2022",Grindelwald
image_24.jpg,image_24,"Amboseli National Park, Kenya","August, 2023",Hippopotamus amphibius (Hippopotamus)
image_25.jpg,image_25,"Amboseli National Park, Kenya","August, 2023",Hippopotamus amphibius (Hippopotamus)
image_26.jpg,image_26,"Amboseli National Park, Kenya","August, 2023",Hippopotamus amphibius (Hippopotamus)
image_27.JPG,image_27,"Cinque Terre, Italy","June, 2022",Corniglia
image_28.JPG,image_28,"Cinque Terre, Italy","June, 2022",Riomaggiore
image_29.JPG,image_29,"Cinque Terre, Italy","June, 2022",Riomaggiore
image_3.jpg,image_3,"Maasai Mara National Reserve, Kenya","August, 2023",Equus quagga boehmi (Grant's Zebra)
image_30.JPG,image_30,"Cinque Terre, Italy","June, 2022",Manarola
image_31.jpg,image_31,"Maasai Mara National Reserve, Kenya","August, 2023",Lupulella mesomelas (Black-banned Jackal)
image_32.jpg,image_32,"Maasai Mara National Reserve, Kenya","August, 2023",Tragelaphus strepsiceros (Greater Kudu)
image_33.jpg,image_33,"Maasai Mara National Reserve, Kenya","August, 2023",Torgos tracheliotos (Lappet-faced Vulture)
image_34.jpg,image_34,"Maasai Mara National Reserve, Kenya","August, 2023",Panthera pardus pardus (African Leopard)
image_35.jpg,image_35,"Amboseli National Park, Kenya","August, 2023",Phoenicopterus roseus (Greater Flamingo)
image_36.jpg,image_36,"Maasai Mara National Reserve, Kenya","August, 2023",Panthera leo (Lion)
image_38.jpg,image_38,"Maasai Mara National Reserve, Kenya","August, 2023",Panthera leo (Lion)
image_39.jpg,image_39,"Maasai Mara National Reserve, Kenya","August, 2023",Panthera leo (Lion)
image_4.jpeg,image_4,"Berne, Switzerland","June, 2022",Aäre
image_40.JPG,image_40,"Rome, Italy","June, 2022",Colosseum
image_41.jpg,image_41,"Chobe River, Botswana","August, 2023",Mycteria ibis (Yellow-billed Stork)
image_42.JPG,image_42,"Coal Oil Point, Goleta, California","March, 2023",Coal Oil Point
image_43.jpg,image_43,"Campus Point, UCSB, California","January, 2022",Campus Point 
image_44.jpeg,image_44,"Appenzell, Switzerland","June, 2022",Saxer Lücke
image_45.jpeg,image_45,"Appenzell, Switzerland","June, 2022",Saxer Lücke
image_46.jpeg,image_46,"Appenzell, Switzerland","June, 2022",Saxer Lücke
image_47.png,image_47,"Ljubljana, Slovenia","August, 2022",Pre_eren Square
image_48.jpg,image_48,"Okavango Delta, Botswana","August, 2023",Crocuta crocuta (Spotted Hyena)
image_49.jpg,image_49,"Maasai Mara National Reserve, Kenya","August, 2023",Equus quagga burchellii (Burchell's Zebra)
image_5.jpg,image_5,"Amboseli National Park, Kenya","August, 2023",Himantopus himantopus (Black-winged Stilt)
image_50.JPG,image_50,"Venice, Italy","June, 2022",Venice
image_51.JPG,image_51,"Venice, Italy","June, 2022",Venice
image_52.JPG,image_52,"Venice, Italy","June, 2022",Venice
image_53.JPG,image_53,"Venice, Italy","June, 2022",Venice
image_54.JPG,image_54,"Venice, Italy","June, 2022",Venice
image_55.jpg,image_55,"Wild Coast, South Africa","June, 2023",Mdumbi
image_56.jpg,image_56,"Maasai Mara National Reserve, Kenya","August, 2023",Equus quagga boehmi (Grant's Zebra)
image_57.jpg,image_57,"Maasai Mara National Reserve, Kenya","August, 2023",Equus quagga boehmi (Grant's Zebra)
image_58.jpg,image_58,"Big Sur, California","June,2025",McWay Falls
image_59.jpg,image_59,"Point Lobos, California","June, 2025",Point Lobos State Natural Reserve
image_6.jpg,image_6,"Budapest, Hungary","August, 2022",Széchenyi Thermal Bath
image_60.jpg,image_60,"Santa Barbara, California","May, 2025",Polyphylla decemlineata (Ten-lined June Beetle)
image_61.JPG,image_61,"Santa Cruz Island, California","March, 2025",Pelican Bay
image_62.jpg,image_62,"Santa Barbara, California","Feburary, 2025",Stella
image_63.jpg,image_63,"Santa Barbara, California","January, 2025",Titanopsis calcarea (Concrete Leaf Plant)
image_64.jpg,image_64,"Bishop, California","May, 2025",Inyo National State Forest
image_65.jpg,image_65,"Bishop, California","May,  2025",Inyo National State Forest
image_66.jpg,image_66,"Santa Barbara, California","September, 2024",Pseudacris regilla (Pacific Tree Frog)
image_67.jpg,image_67,"Santa Ynez, California","May, 2024",Trichostema lanatum (Woolly Bluecurls)
image_68.jpg,image_68,"Hanalei, Kaua'i, Hawai'i","December, 2023",Phelsuma laticauda (Gold Dust Day Gecko)
image_69.jpg,image_69,"Monte Titano, San Marino","November, 2023",Guaita Tower
image_7.jpg,image_7,"Budapest, Hungary","August, 2022",Fisherman's Bastion
image_70.jpg,image_70,"Gozo, Malta","November, 2023",San Lawrenz
image_71.jpg,image_71,"Krka, Croatia","November, 2023",Krka Falls
image_72.jpg,image_72,"Koločep, Croatia","November, 2023",Koločep
image_73.jpg,image_73,"Dubrovnik, Croatia","October, 2023",Dubrovnik
image_74.jpg,image_74,"Bavaria, Germany ","October, 2023",Schwangau
image_75.jpg,image_75,"Krujë, Albania","October, 2023",Bovilla Lake
image_76.jpg,image_76,"Capri, Italy","September, 2023",Fortini
image_77.jpg,image_77,"Capri, Italy","September, 2023",Fortini
image_78.jpg,image_78,"Okavango Delta, Botswana","August, 2023",Coracias caudatus (Lilac-breasted Roller)
image_79.jpg,image_70,"Florence, Italy","September, 2023",Duomo
image_8.jpg,image_8,"Budapest, Hungary","August, 2022",Vajdahunyad Castle
image_80.jpg,image_80,"Brienzersee, Switzerland","August, 2023",Interlaken
image_81.jpg,image_81,"Maun, Botswana","August, 2023",Crocuta crocuta (Spotted Hyena)
image_82.jpg,image_82,"Okavango Delta, Botswana","August, 2023",Okavango Delta
image_83.jpg,image_83,"Jalama Beach, California","December, 2025",Dangermond Preserve
image_84.jpg,image_84,"Brienzersee, Switzerland","August, 2023",Interlaken
image_85.jpg,image_85,"Biskra, Malta","November, 2023",Popeye Village
image_86.jpg,image_86,"Santa Barbara, California","April, 2025",Stella
image_9.jpg,image_9,"Zambezi River, Zimbabwe","August, 2023",Victoria Falls